<?xml version="1.0"?>
<doc>
    <assembly>
        <name>SqlHelperClass</name>
    </assembly>
    <members>
        <member name="T:SqlHelperClass.ConnectStringClass">
            <summary>
            数据库链接串生成类
            </summary>
        </member>
        <member name="M:SqlHelperClass.ConnectStringClass.GetConnectString">
            <summary>
            获取数据库配置字符串
            </summary>
            <returns></returns>
        </member>
        <member name="M:SqlHelperClass.ConnectStringClass.GetConnectString(System.String)">
            <summary>
            获取数据库配置字符串
            </summary>
            <param name="connname">配置参数名</param>
            <returns></returns>
        </member>
        <member name="M:SqlHelperClass.ConnectStringClass.GetConnectString(SqlHelperClass.DataDbType,System.String,System.String,System.String,System.String)">
            <summary>
            设置数据库连接
            </summary>
            <param name="dbtype">数据库类型</param>
            <param name="server">服务器地址</param>
            <param name="database">数据库名称</param>
            <param name="uid">用户名</param>
            <param name="passwd">密码</param>
        </member>
        <member name="M:SqlHelperClass.ConnectStringClass.GetConnectString(SqlHelperClass.DataDbType,System.String,System.Int32,System.String,System.String,System.String)">
            <summary>
            设置数据库连接
            </summary>
            <param name="dbtype">数据库类型</param>
            <param name="server">服务器地址</param>
            <param name="port">服务器端口</param>
            <param name="database">数据库名称</param>
            <param name="uid">用户名</param>
            <param name="passwd">密码</param>
        </member>
        <member name="T:SqlHelperClass.CreatedModelsClass">
            <summary>
            数据模型生成类
            </summary>
        </member>
        <member name="M:SqlHelperClass.CreatedModelsClass.GetDataTables(SqlHelperClass.DataDbType,System.String,System.String@)">
            <summary>
            获取数据库表数据
            </summary>
            <param name="dbtype">数据库类型</param>
            <param name="dbname">数据库名称</param>
            <param name="errmsg">错误信息</param>
            <returns></returns>
        </member>
        <member name="M:SqlHelperClass.CreatedModelsClass.CreateModels(System.Data.DataSet,System.String,System.String,System.String@)">
            <summary>
            数据库类创建方法
            </summary>
            <param name="ds">数据库表</param>
            <param name="namespacestr">工程命名空间</param>
            <param name="filepath">生成文件路径</param>
            <param name="errmsg">错误信息</param>
            <returns></returns>
        </member>
        <member name="M:SqlHelperClass.CreatedModelsClass.CreatePageModels(System.Data.DataSet,System.String,System.String,System.String,System.String@)">
            <summary>
            数据库类创建方法
            </summary>
            <param name="ds">数据库表</param>
            <param name="namespacestr">工程命名空间</param>
            <param name="basemodename">基础数据类命名空间</param>
            <param name="filepath">生成文件路径</param>
            <param name="errmsg">错误信息</param>
            <returns></returns>
        </member>
        <member name="M:SqlHelperClass.CreatedModelsClass.ConvertToModelType(System.String)">
            <summary>
            数据库类型转实体类类型
            </summary>
            <param name="datatype"></param>
            <returns></returns>
        </member>
        <member name="T:SqlHelperClass.DataListTClass">
            <summary>
            数据装箱Model
            </summary>
        </member>
        <member name="M:SqlHelperClass.DataListTClass.ReaderToModel``1(System.Data.IDataReader,System.String@)">
            <summary>
            DataReader绑定为Model T
            </summary>
            <typeparam name="T">类名称</typeparam>
            <param name="dr">数据</param>
            <param name="errmsg">错误</param>
            <returns></returns>
        </member>
        <member name="M:SqlHelperClass.DataListTClass.ReaderToList``1(System.Data.IDataReader,System.String@)">
            <summary>
            DataReader绑定为Model List T
            </summary>
            <typeparam name="T">类名称</typeparam>
            <param name="dr">数据</param>
            <param name="errmsg">错误</param>
            <returns></returns>
        </member>
        <member name="M:SqlHelperClass.DataListTClass.DataTableToModel``1(System.Data.DataTable,System.String@)">
            <summary>
            DataTable绑定为Model T
            </summary>
            <typeparam name="T">类名称</typeparam>
            <param name="dt">DataTable数据</param>
            <param name="errmsg">错误</param>
            <returns></returns>
        </member>
        <member name="M:SqlHelperClass.DataListTClass.DataTableToList``1(System.Data.DataTable,System.String@)">
            <summary>
            DataTable绑定为List T
            </summary>
            <typeparam name="T">类名称</typeparam>
            <param name="dt">DataTable数据</param>
            <param name="errmsg"></param>
            <returns></returns>
        </member>
        <member name="T:SqlHelperClass.DataObject`1">
            <summary>
            数据表反射绑定动态类
            </summary>
            <typeparam name="T">类</typeparam>
        </member>
        <member name="M:SqlHelperClass.DataObject`1.#ctor(System.Data.DataTable,System.Type,System.String@)">
            <summary>
            数据表反射绑定动态类方法
            </summary>
            <param name="dt">要绑定的数据表</param>
            <param name="classtype">类名称字符串</param>
            <param name="errmsg">错误</param>
        </member>
        <member name="T:SqlHelperClass.DataParameter">
            <summary>
            数据库操作参数对象
            </summary>
        </member>
        <member name="M:SqlHelperClass.DataParameter.#ctor(System.String)">
            <summary>
            实例化参数
            </summary>
            <param name="ParameterName">参数名</param>
        </member>
        <member name="M:SqlHelperClass.DataParameter.#ctor(System.String,System.Object)">
            <summary>
            实例化参数
            </summary>
            <param name="ParameterName">参数名</param>
            <param name="Value">参数值</param>
        </member>
        <member name="M:SqlHelperClass.DataParameter.#ctor(System.String,System.Data.ParameterDirection,System.Object)">
            <summary>
            实例化参数
            </summary>
            <param name="ParameterName">参数名</param>
            <param name="Direction">入参/出参</param>
            <param name="Value">参数值</param>
        </member>
        <member name="P:SqlHelperClass.DataParameter.ParameterName">
            <summary>
            参数名
            </summary>
        </member>
        <member name="P:SqlHelperClass.DataParameter.Size">
            <summary>
            参数长度
            </summary>
        </member>
        <member name="P:SqlHelperClass.DataParameter.Value">
            <summary>
            参数值
            </summary>
        </member>
        <member name="P:SqlHelperClass.DataParameter.Direction">
            <summary>
            入参/出参
            </summary>
        </member>
        <member name="T:SqlHelperClass.MySqlHelper">
            <summary>
            MySql数据操作类
            </summary>
        </member>
        <member name="M:SqlHelperClass.MySqlHelper.ExecuteCommand(System.String,System.String@,System.Object[])">
            <summary>
            执行数据操作
            </summary>
            <param name="SqlExp">SQL语句表达式</param>
            <param name="ErrMsg">返回错误信息</param>
            <param name="Parameters">参数集</param>
            <returns></returns>
        </member>
        <member name="M:SqlHelperClass.MySqlHelper.ExecuteCommand(System.String,System.Data.CommandType,System.String@,System.Object[])">
            <summary>
            执行数据操作
            </summary>
            <param name="SqlExp">语句表达式或存储过程名称</param>
            <param name="CommandType">执行类型</param>
            <param name="ErrMsg">返回错误信息</param>
            <param name="Parameters">参数集</param>
            <returns></returns>
        </member>
        <member name="M:SqlHelperClass.MySqlHelper.ExecuteCommand(System.String,System.String,System.Data.CommandType,System.String@,System.Object[])">
            <summary>
            执行数据操作
            </summary>
            <param name="ConnectString">数据库连接串</param>
            <param name="SqlExp">语句表达式或存储过程名称</param>
            <param name="CommandType">执行类型</param>
            <param name="ErrMsg">返回错误信息</param>
            <param name="Parameters">参数集</param>
            <returns></returns>
        </member>
        <member name="M:SqlHelperClass.MySqlHelper.ExecuteInsert(System.String,System.String@,System.Object[])">
            <summary>
            执行数据插入并返回主键值
            </summary>
            <param name="SqlExp">SQL语句表达式</param>
            <param name="ErrMsg">返回错误信息</param>
            <param name="Parameters">参数集</param>
            <returns></returns>
        </member>
        <member name="M:SqlHelperClass.MySqlHelper.ExecuteInsert(System.String,System.Data.CommandType,System.String@,System.Object[])">
            <summary>
            执行数据插入并返回主键值
            </summary>
            <param name="SqlExp">语句表达式或存储过程名称</param>
            <param name="CommandType">执行类型</param>
            <param name="ErrMsg">返回错误信息</param>
            <param name="Parameters">参数集</param>
            <returns></returns>
        </member>
        <member name="M:SqlHelperClass.MySqlHelper.ExecuteInsert(System.String,System.String,System.Data.CommandType,System.String@,System.Object[])">
            <summary>
            执行数据插入并返回主键值
            </summary>
            <param name="ConnectString">数据库连接串</param>
            <param name="SqlExp">语句表达式或存储过程名称</param>
            <param name="CommandType">执行类型</param>
            <param name="ErrMsg">返回错误信息</param>
            <param name="Parameters">参数集</param>
            <returns></returns>
        </member>
        <member name="M:SqlHelperClass.MySqlHelper.GetDataValue(System.String,System.String@,System.Object[])">
            <summary>
            查询并获取单个值
            </summary>
            <param name="SqlExp">SQL语句表达式</param>
            <param name="ErrMsg">返回错误信息</param>
            <param name="Parameters">参数集</param>
            <returns></returns>
        </member>
        <member name="M:SqlHelperClass.MySqlHelper.GetDataValue(System.String,System.Data.CommandType,System.String@,System.Object[])">
            <summary>
            查询并获取单个值
            </summary>
            <param name="SqlExp">语句表达式或存储过程名称</param>
            <param name="CommandType">执行类型</param>
            <param name="ErrMsg">返回错误信息</param>
            <param name="Parameters">参数集</param>
            <returns></returns>
        </member>
        <member name="M:SqlHelperClass.MySqlHelper.GetDataValue(System.String,System.String,System.Data.CommandType,System.String@,System.Object[])">
            <summary>
            查询并获取单个值
            </summary>
            <param name="ConnectString">数据库连接串</param>
            <param name="SqlExp">语句表达式或存储过程名称</param>
            <param name="CommandType">执行类型</param>
            <param name="ErrMsg">返回错误信息</param>
            <param name="Parameters">参数集</param>
            <returns></returns>
        </member>
        <member name="M:SqlHelperClass.MySqlHelper.GetRecCount(System.String,System.String@,System.Object[])">
            <summary>
            查询并获取单个值
            </summary>
            <param name="SqlExp">SQL语句表达式</param>
            <param name="ErrMsg">返回错误信息</param>
            <param name="Parameters">参数集</param>
            <returns></returns>
        </member>
        <member name="M:SqlHelperClass.MySqlHelper.GetRecCount(System.String,System.Data.CommandType,System.String@,System.Object[])">
            <summary>
            查询并获取单个值
            </summary>
            <param name="SqlExp">语句表达式或存储过程名称</param>
            <param name="CommandType">执行类型</param>
            <param name="ErrMsg">返回错误信息</param>
            <param name="Parameters">参数集</param>
            <returns></returns>
        </member>
        <member name="M:SqlHelperClass.MySqlHelper.GetRecCount(System.String,System.String,System.Data.CommandType,System.String@,System.Object[])">
            <summary>
            查询并获取记录总数
            </summary>
            <param name="ConnectString">数据库连接串</param>
            <param name="SqlExp">语句表达式或存储过程名称</param>
            <param name="CommandType">执行类型</param>
            <param name="ErrMsg">返回错误信息</param>
            <param name="Parameters">参数集</param>
            <returns></returns>
        </member>
        <member name="M:SqlHelperClass.MySqlHelper.GetDataSet(System.String,System.String@,System.Object[])">
            <summary>
            查询并获取表数据组
            </summary>
            <param name="SqlExp">SQL语句表达式</param>
            <param name="ErrMsg">返回错误信息</param>
            <param name="Parameters">参数集</param>
            <returns></returns>
        </member>
        <member name="M:SqlHelperClass.MySqlHelper.GetDataSet(System.String,System.Data.CommandType,System.String@,System.Object[])">
            <summary>
            查询并获取表数据组
            </summary>
            <param name="SqlExp">语句表达式或存储过程名称</param>
            <param name="CommandType">执行类型</param>
            <param name="ErrMsg">返回错误信息</param>
            <param name="Parameters">参数集</param>
            <returns></returns>
        </member>
        <member name="M:SqlHelperClass.MySqlHelper.GetDataSet(System.String,System.String,System.Data.CommandType,System.String@,System.Object[])">
            <summary>
            查询并获取表数据组
            </summary>
            <param name="ConnectString">数据库连接串</param>
            <param name="SqlExp">语句表达式或存储过程名称</param>
            <param name="CommandType">执行类型</param>
            <param name="ErrMsg">返回错误信息</param>
            <param name="Parameters">参数集</param>
            <returns></returns>
        </member>
        <member name="M:SqlHelperClass.MySqlHelper.GetDataTable(System.String,System.String@,System.Object[])">
            <summary>
            查询并获取表数据
            </summary>
            <param name="SqlExp">SQL语句表达式</param>
            <param name="ErrMsg">返回错误信息</param>
            <param name="Parameters">参数集</param>
            <returns></returns>
        </member>
        <member name="M:SqlHelperClass.MySqlHelper.GetDataTable(System.String,System.Data.CommandType,System.String@,System.Object[])">
            <summary>
            查询并获取表数据
            </summary>
            <param name="SqlExp">语句表达式或存储过程名称</param>
            <param name="CommandType">执行类型</param>
            <param name="ErrMsg">返回错误信息</param>
            <param name="Parameters">参数集</param>
            <returns></returns>
        </member>
        <member name="M:SqlHelperClass.MySqlHelper.GetDataTable(System.String,System.String,System.Data.CommandType,System.String@,System.Object[])">
            <summary>
            查询并获取表数据
            </summary>
            <param name="ConnectString">数据库连接串</param>
            <param name="SqlExp">语句表达式或存储过程名称</param>
            <param name="CommandType">执行类型</param>
            <param name="ErrMsg">返回错误信息</param>
            <param name="Parameters">参数集</param>
            <returns></returns>
        </member>
        <member name="M:SqlHelperClass.MySqlHelper.GetDataList``1(System.String,System.String@,System.Object[])">
            <summary>
            查询并获取表数据返回 List T
            </summary>
            <typeparam name="T">类名称</typeparam>
            <param name="SqlExp">SQL语句表达式</param>
            <param name="ErrMsg">返回错误信息</param>
            <param name="Parameters">参数集</param>
            <returns></returns>
        </member>
        <member name="M:SqlHelperClass.MySqlHelper.GetDataList``1(System.String,System.Data.CommandType,System.String@,System.Object[])">
            <summary>
            查询并获取表数据返回 List T
            </summary>
            <typeparam name="T">类名称</typeparam>
            <param name="SqlExp">语句表达式或存储过程名称</param>
            <param name="CommandType">执行类型</param>
            <param name="ErrMsg">返回错误信息</param>
            <param name="Parameters">参数集</param>
            <returns></returns>
        </member>
        <member name="M:SqlHelperClass.MySqlHelper.GetDataList``1(System.String,System.String,System.Data.CommandType,System.String@,System.Object[])">
            <summary>
            查询并获取表数据返回 List T
            </summary>
            <typeparam name="T">类名称</typeparam>
            <param name="ConnectString">数据库连接串</param>
            <param name="SqlExp">语句表达式或存储过程名称</param>
            <param name="CommandType">执行类型</param>
            <param name="ErrMsg">返回错误信息</param>
            <param name="Parameters">参数集</param>
            <returns></returns>
        </member>
        <member name="M:SqlHelperClass.MySqlHelper.GetDataInfo``1(System.String,System.String@,System.Object[])">
            <summary>
            查询并获取表数据返回 T
            </summary>
            <typeparam name="T">类名称</typeparam>
            <param name="SqlExp">SQL语句表达式</param>
            <param name="ErrMsg">返回错误信息</param>
            <param name="Parameters">参数集</param>
            <returns></returns>
        </member>
        <member name="M:SqlHelperClass.MySqlHelper.GetDataInfo``1(System.String,System.Data.CommandType,System.String@,System.Object[])">
            <summary>
            查询并获取表数据返回 T
            </summary>
            <typeparam name="T">类名称</typeparam>
            <param name="SqlExp">语句表达式或存储过程名称</param>
            <param name="CommandType">执行类型</param>
            <param name="ErrMsg">返回错误信息</param>
            <param name="Parameters">参数集</param>
            <returns></returns>
        </member>
        <member name="M:SqlHelperClass.MySqlHelper.GetDataInfo``1(System.String,System.String,System.Data.CommandType,System.String@,System.Object[])">
            <summary>
            查询并获取表数据返回 T
            </summary>
            <typeparam name="T">类名称</typeparam>
            <param name="ConnectString">数据库连接串</param>
            <param name="SqlExp">语句表达式或存储过程名称</param>
            <param name="CommandType">执行类型</param>
            <param name="ErrMsg">返回错误信息</param>
            <param name="Parameters">参数集</param>
            <returns></returns>
        </member>
        <member name="P:SqlHelperClass.MySqlHelper.CommandTimeOut">
            <summary>
            数据执行超时时间设定
            </summary>
        </member>
        <member name="P:SqlHelperClass.MySqlHelper.ConnectionString">
            <summary>
            数据库连接串设定
            </summary>
        </member>
        <member name="T:SqlHelperClass.MySqlTransactionHelper">
            <summary>
            Mysql数据事务操作类
            </summary>
        </member>
        <member name="M:SqlHelperClass.MySqlTransactionHelper.#ctor">
            <summary>
            Mysql数据事务操作类构建
            </summary>
        </member>
        <member name="M:SqlHelperClass.MySqlTransactionHelper.#ctor(System.String)">
            <summary>
            数据事务操作类构建
            </summary>
            <param name="ConnectString">数据连接串</param>
        </member>
        <member name="M:SqlHelperClass.MySqlTransactionHelper.TransactionBegin(System.String@)">
            <summary>
            启动事务处理
            </summary>
            <param name="ErrMsg">错误信息</param>
            <returns></returns>
        </member>
        <member name="M:SqlHelperClass.MySqlTransactionHelper.TransactionCommit(System.String@)">
            <summary>
            提交并结束事务处理
            </summary>
            <param name="ErrMsg">错误信息</param>
            <returns></returns>
        </member>
        <member name="M:SqlHelperClass.MySqlTransactionHelper.TransactionRollback(System.String@)">
            <summary>
            回滚并结束事务
            </summary>
            <param name="ErrMsg"></param>
            <returns></returns>
        </member>
        <member name="M:SqlHelperClass.MySqlTransactionHelper.TransactionExecuteCommand(System.String,System.String@,System.Object[])">
            <summary>
             事务执行语句
            </summary>
            <param name="SqlExp"></param>
            <param name="ErrMsg"></param>
            <param name="Parameters"></param>
            <returns></returns>
        </member>
        <member name="M:SqlHelperClass.MySqlTransactionHelper.TransactionExecuteInsert(System.String,System.String@,System.Object[])">
            <summary>
             事务执行语句并返回主键值
            </summary>
            <param name="SqlExp"></param>
            <param name="ErrMsg"></param>
            <param name="Parameters"></param>
            <returns></returns>
        </member>
        <member name="M:SqlHelperClass.MySqlTransactionHelper.TransactionGetDataValue(System.String,System.String@,System.Object[])">
            <summary>
             事务获取值
            </summary>
            <param name="SqlExp"></param>
            <param name="ErrMsg"></param>
            <param name="Parameters"></param>
            <returns></returns>
        </member>
        <member name="M:SqlHelperClass.MySqlTransactionHelper.TransactionGetRecCount(System.String,System.String@,System.Object[])">
            <summary>
            事务获取记录总数
            </summary>
            <param name="SqlExp">语句表达式或存储过程名称</param>
            <param name="ErrMsg">返回错误信息</param>
            <param name="Parameters">参数集</param>
            <returns></returns>
        </member>
        <member name="M:SqlHelperClass.MySqlTransactionHelper.TransactionGetDataSet(System.String,System.String@,System.Object[])">
            <summary>
            事务获取表数据组
            </summary>
            <param name="SqlExp">语句表达式或存储过程名称</param>
            <param name="ErrMsg">返回错误信息</param>
            <param name="Parameters">参数集</param>
            <returns></returns>
        </member>
        <member name="M:SqlHelperClass.MySqlTransactionHelper.TransactionGetDataTable(System.String,System.String@,System.Object[])">
            <summary>
            事务查询并获取表数据
            </summary>
            <param name="SqlExp">语句表达式或存储过程名称</param>
            <param name="ErrMsg">返回错误信息</param>
            <param name="Parameters">参数集</param>
            <returns></returns>
        </member>
        <member name="M:SqlHelperClass.MySqlTransactionHelper.TransactionGetDataList``1(System.String,System.String@,System.Object[])">
            <summary>
            查询并获取表数据返回 List T
            </summary>
            <typeparam name="T">类名称</typeparam>
            <param name="SqlExp">语句表达式或存储过程名称</param>
            <param name="ErrMsg">返回错误信息</param>
            <param name="Parameters">参数集</param>
            <returns></returns>
        </member>
        <member name="M:SqlHelperClass.MySqlTransactionHelper.TransactionGetDataInfo``1(System.String,System.String@,System.Object[])">
            <summary>
            查询并获取表数据返回 T
            </summary>
            <typeparam name="T">类名称</typeparam>
            <param name="SqlExp">语句表达式或存储过程名称</param>
            <param name="ErrMsg">返回错误信息</param>
            <param name="Parameters">参数集</param>
            <returns></returns>
        </member>
        <member name="P:SqlHelperClass.MySqlTransactionHelper.CommandTimeOut">
            <summary>
            数据执行超时时间设定
            </summary>
        </member>
        <member name="P:SqlHelperClass.MySqlTransactionHelper.ConnectionString">
            <summary>
            数据库连接串设定
            </summary>
        </member>
        <member name="P:SqlHelperClass.MySqlTransactionHelper.AutoRollback">
            <summary>
            出错后是否自动回滚，默认为True
            </summary>
        </member>
        <member name="T:SqlHelperClass.OracleHelper">
            <summary>
            Oracle数据操作类
            </summary>
        </member>
        <member name="M:SqlHelperClass.OracleHelper.ExecuteCommand(System.String,System.String@,System.Object[])">
            <summary>
            执行数据操作
            </summary>
            <param name="SqlExp">SQL语句表达式</param>
            <param name="ErrMsg">返回错误信息</param>
            <param name="Parameters">参数集</param>
            <returns></returns>
        </member>
        <member name="M:SqlHelperClass.OracleHelper.ExecuteCommand(System.String,System.Data.CommandType,System.String@,System.Object[])">
            <summary>
            执行数据操作
            </summary>
            <param name="SqlExp">语句表达式或存储过程名称</param>
            <param name="CommandType">执行类型</param>
            <param name="ErrMsg">返回错误信息</param>
            <param name="Parameters">参数集</param>
            <returns></returns>
        </member>
        <member name="M:SqlHelperClass.OracleHelper.ExecuteCommand(System.String,System.String,System.Data.CommandType,System.String@,System.Object[])">
            <summary>
            执行数据操作
            </summary>
            <param name="ConnectString">数据库连接串</param>
            <param name="SqlExp">语句表达式或存储过程名称</param>
            <param name="CommandType">执行类型</param>
            <param name="ErrMsg">返回错误信息</param>
            <param name="Parameters">参数集</param>
            <returns></returns>
        </member>
        <member name="M:SqlHelperClass.OracleHelper.ExecuteInsert(System.String,System.String@,System.Object[])">
            <summary>
            执行数据插入并返回主键值
            </summary>
            <param name="SqlExp">SQL语句表达式</param>
            <param name="ErrMsg">返回错误信息</param>
            <param name="Parameters">参数集</param>
            <returns></returns>
        </member>
        <member name="M:SqlHelperClass.OracleHelper.ExecuteInsert(System.String,System.Data.CommandType,System.String@,System.Object[])">
            <summary>
            执行数据插入并返回主键值
            </summary>
            <param name="SqlExp">语句表达式或存储过程名称</param>
            <param name="CommandType">执行类型</param>
            <param name="ErrMsg">返回错误信息</param>
            <param name="Parameters">参数集</param>
            <returns></returns>
        </member>
        <member name="M:SqlHelperClass.OracleHelper.ExecuteInsert(System.String,System.String,System.Data.CommandType,System.String@,System.Object[])">
            <summary>
            执行数据插入并返回主键值
            </summary>
            <param name="ConnectString">数据库连接串</param>
            <param name="SqlExp">语句表达式或存储过程名称</param>
            <param name="CommandType">执行类型</param>
            <param name="ErrMsg">返回错误信息</param>
            <param name="Parameters">参数集</param>
            <returns></returns>
        </member>
        <member name="M:SqlHelperClass.OracleHelper.GetDataValue(System.String,System.String@,System.Object[])">
            <summary>
            查询并获取单个值
            </summary>
            <param name="SqlExp">SQL语句表达式</param>
            <param name="ErrMsg">返回错误信息</param>
            <param name="Parameters">参数集</param>
            <returns></returns>
        </member>
        <member name="M:SqlHelperClass.OracleHelper.GetDataValue(System.String,System.Data.CommandType,System.String@,System.Object[])">
            <summary>
            查询并获取单个值
            </summary>
            <param name="SqlExp">语句表达式或存储过程名称</param>
            <param name="CommandType">执行类型</param>
            <param name="ErrMsg">返回错误信息</param>
            <param name="Parameters">参数集</param>
            <returns></returns>
        </member>
        <member name="M:SqlHelperClass.OracleHelper.GetDataValue(System.String,System.String,System.Data.CommandType,System.String@,System.Object[])">
            <summary>
            查询并获取单个值
            </summary>
            <param name="ConnectString">数据库连接串</param>
            <param name="SqlExp">语句表达式或存储过程名称</param>
            <param name="CommandType">执行类型</param>
            <param name="ErrMsg">返回错误信息</param>
            <param name="Parameters">参数集</param>
            <returns></returns>
        </member>
        <member name="M:SqlHelperClass.OracleHelper.GetRecCount(System.String,System.String@,System.Object[])">
            <summary>
            查询并获取单个值
            </summary>
            <param name="SqlExp">SQL语句表达式</param>
            <param name="ErrMsg">返回错误信息</param>
            <param name="Parameters">参数集</param>
            <returns></returns>
        </member>
        <member name="M:SqlHelperClass.OracleHelper.GetRecCount(System.String,System.Data.CommandType,System.String@,System.Object[])">
            <summary>
            查询并获取单个值
            </summary>
            <param name="SqlExp">语句表达式或存储过程名称</param>
            <param name="CommandType">执行类型</param>
            <param name="ErrMsg">返回错误信息</param>
            <param name="Parameters">参数集</param>
            <returns></returns>
        </member>
        <member name="M:SqlHelperClass.OracleHelper.GetRecCount(System.String,System.String,System.Data.CommandType,System.String@,System.Object[])">
            <summary>
            查询并获取记录总数
            </summary>
            <param name="ConnectString">数据库连接串</param>
            <param name="SqlExp">语句表达式或存储过程名称</param>
            <param name="CommandType">执行类型</param>
            <param name="ErrMsg">返回错误信息</param>
            <param name="Parameters">参数集</param>
            <returns></returns>
        </member>
        <member name="M:SqlHelperClass.OracleHelper.GetDataSet(System.String,System.String@,System.Object[])">
            <summary>
            查询并获取表数据组
            </summary>
            <param name="SqlExp">SQL语句表达式</param>
            <param name="ErrMsg">返回错误信息</param>
            <param name="Parameters">参数集</param>
            <returns></returns>
        </member>
        <member name="M:SqlHelperClass.OracleHelper.GetDataSet(System.String,System.Data.CommandType,System.String@,System.Object[])">
            <summary>
            查询并获取表数据组
            </summary>
            <param name="SqlExp">语句表达式或存储过程名称</param>
            <param name="CommandType">执行类型</param>
            <param name="ErrMsg">返回错误信息</param>
            <param name="Parameters">参数集</param>
            <returns></returns>
        </member>
        <member name="M:SqlHelperClass.OracleHelper.GetDataSet(System.String,System.String,System.Data.CommandType,System.String@,System.Object[])">
            <summary>
            查询并获取表数据组
            </summary>
            <param name="ConnectString">数据库连接串</param>
            <param name="SqlExp">语句表达式或存储过程名称</param>
            <param name="CommandType">执行类型</param>
            <param name="ErrMsg">返回错误信息</param>
            <param name="Parameters">参数集</param>
            <returns></returns>
        </member>
        <member name="M:SqlHelperClass.OracleHelper.GetDataTable(System.String,System.String@,System.Object[])">
            <summary>
            查询并获取表数据
            </summary>
            <param name="SqlExp">SQL语句表达式</param>
            <param name="ErrMsg">返回错误信息</param>
            <param name="Parameters">参数集</param>
            <returns></returns>
        </member>
        <member name="M:SqlHelperClass.OracleHelper.GetDataTable(System.String,System.Data.CommandType,System.String@,System.Object[])">
            <summary>
            查询并获取表数据
            </summary>
            <param name="SqlExp">语句表达式或存储过程名称</param>
            <param name="CommandType">执行类型</param>
            <param name="ErrMsg">返回错误信息</param>
            <param name="Parameters">参数集</param>
            <returns></returns>
        </member>
        <member name="M:SqlHelperClass.OracleHelper.GetDataTable(System.String,System.String,System.Data.CommandType,System.String@,System.Object[])">
            <summary>
            查询并获取表数据
            </summary>
            <param name="ConnectString">数据库连接串</param>
            <param name="SqlExp">语句表达式或存储过程名称</param>
            <param name="CommandType">执行类型</param>
            <param name="ErrMsg">返回错误信息</param>
            <param name="Parameters">参数集</param>
            <returns></returns>
        </member>
        <member name="M:SqlHelperClass.OracleHelper.GetDataList``1(System.String,System.String@,System.Object[])">
            <summary>
            查询并获取表数据返回 List T
            </summary>
            <typeparam name="T">类名称</typeparam>
            <param name="SqlExp">SQL语句表达式</param>
            <param name="ErrMsg">返回错误信息</param>
            <param name="Parameters">参数集</param>
            <returns></returns>
        </member>
        <member name="M:SqlHelperClass.OracleHelper.GetDataList``1(System.String,System.Data.CommandType,System.String@,System.Object[])">
            <summary>
            查询并获取表数据返回 List T
            </summary>
            <typeparam name="T">类名称</typeparam>
            <param name="SqlExp">语句表达式或存储过程名称</param>
            <param name="CommandType">执行类型</param>
            <param name="ErrMsg">返回错误信息</param>
            <param name="Parameters">参数集</param>
            <returns></returns>
        </member>
        <member name="M:SqlHelperClass.OracleHelper.GetDataList``1(System.String,System.String,System.Data.CommandType,System.String@,System.Object[])">
            <summary>
            查询并获取表数据返回 List T
            </summary>
            <typeparam name="T">类名称</typeparam>
            <param name="ConnectString">数据库连接串</param>
            <param name="SqlExp">语句表达式或存储过程名称</param>
            <param name="CommandType">执行类型</param>
            <param name="ErrMsg">返回错误信息</param>
            <param name="Parameters">参数集</param>
            <returns></returns>
        </member>
        <member name="M:SqlHelperClass.OracleHelper.GetDataInfo``1(System.String,System.String@,System.Object[])">
            <summary>
            查询并获取表数据返回 T
            </summary>
            <typeparam name="T">类名称</typeparam>
            <param name="SqlExp">SQL语句表达式</param>
            <param name="ErrMsg">返回错误信息</param>
            <param name="Parameters">参数集</param>
            <returns></returns>
        </member>
        <member name="M:SqlHelperClass.OracleHelper.GetDataInfo``1(System.String,System.Data.CommandType,System.String@,System.Object[])">
            <summary>
            查询并获取表数据返回 T
            </summary>
            <typeparam name="T">类名称</typeparam>
            <param name="SqlExp">语句表达式或存储过程名称</param>
            <param name="CommandType">执行类型</param>
            <param name="ErrMsg">返回错误信息</param>
            <param name="Parameters">参数集</param>
            <returns></returns>
        </member>
        <member name="M:SqlHelperClass.OracleHelper.GetDataInfo``1(System.String,System.String,System.Data.CommandType,System.String@,System.Object[])">
            <summary>
            查询并获取表数据返回 T
            </summary>
            <typeparam name="T">类名称</typeparam>
            <param name="ConnectString">数据库连接串</param>
            <param name="SqlExp">语句表达式或存储过程名称</param>
            <param name="CommandType">执行类型</param>
            <param name="ErrMsg">返回错误信息</param>
            <param name="Parameters">参数集</param>
            <returns></returns>
        </member>
        <member name="P:SqlHelperClass.OracleHelper.CommandTimeOut">
            <summary>
            数据执行超时时间设定
            </summary>
        </member>
        <member name="P:SqlHelperClass.OracleHelper.ConnectionString">
            <summary>
            数据库连接串设定
            </summary>
        </member>
        <member name="T:SqlHelperClass.OracleTransactionHelper">
            <summary>
            Oracle数据事务操作类
            </summary>
        </member>
        <member name="M:SqlHelperClass.OracleTransactionHelper.#ctor">
            <summary>
            Mysql数据事务操作类构建
            </summary>
        </member>
        <member name="M:SqlHelperClass.OracleTransactionHelper.#ctor(System.String)">
            <summary>
            数据事务操作类构建
            </summary>
            <param name="ConnectString">数据连接串</param>
        </member>
        <member name="M:SqlHelperClass.OracleTransactionHelper.TransactionBegin(System.String@)">
            <summary>
            启动事务处理
            </summary>
            <param name="ErrMsg">错误信息</param>
            <returns></returns>
        </member>
        <member name="M:SqlHelperClass.OracleTransactionHelper.TransactionCommit(System.String@)">
            <summary>
            提交并结束事务处理
            </summary>
            <param name="ErrMsg">错误信息</param>
            <returns></returns>
        </member>
        <member name="M:SqlHelperClass.OracleTransactionHelper.TransactionRollback(System.String@)">
            <summary>
            回滚并结束事务
            </summary>
            <param name="ErrMsg"></param>
            <returns></returns>
        </member>
        <member name="M:SqlHelperClass.OracleTransactionHelper.TransactionExecuteCommand(System.String,System.String@,System.Object[])">
            <summary>
             事务执行语句
            </summary>
            <param name="SqlExp"></param>
            <param name="ErrMsg"></param>
            <param name="Parameters"></param>
            <returns></returns>
        </member>
        <member name="M:SqlHelperClass.OracleTransactionHelper.TransactionExecuteInsert(System.String,System.String@,System.Object[])">
            <summary>
             事务执行语句并返回主键值
            </summary>
            <param name="SqlExp"></param>
            <param name="ErrMsg"></param>
            <param name="Parameters"></param>
            <returns></returns>
        </member>
        <member name="M:SqlHelperClass.OracleTransactionHelper.TransactionGetDataValue(System.String,System.String@,System.Object[])">
            <summary>
             事务获取值
            </summary>
            <param name="SqlExp"></param>
            <param name="ErrMsg"></param>
            <param name="Parameters"></param>
            <returns></returns>
        </member>
        <member name="M:SqlHelperClass.OracleTransactionHelper.TransactionGetRecCount(System.String,System.String@,System.Object[])">
            <summary>
            事务获取记录总数
            </summary>
            <param name="SqlExp">语句表达式或存储过程名称</param>
            <param name="ErrMsg">返回错误信息</param>
            <param name="Parameters">参数集</param>
            <returns></returns>
        </member>
        <member name="M:SqlHelperClass.OracleTransactionHelper.TransactionGetDataSet(System.String,System.String@,System.Object[])">
            <summary>
            事务获取表数据组
            </summary>
            <param name="SqlExp">语句表达式或存储过程名称</param>
            <param name="ErrMsg">返回错误信息</param>
            <param name="Parameters">参数集</param>
            <returns></returns>
        </member>
        <member name="M:SqlHelperClass.OracleTransactionHelper.TransactionGetDataTable(System.String,System.String@,System.Object[])">
            <summary>
            事务查询并获取表数据
            </summary>
            <param name="SqlExp">语句表达式或存储过程名称</param>
            <param name="ErrMsg">返回错误信息</param>
            <param name="Parameters">参数集</param>
            <returns></returns>
        </member>
        <member name="M:SqlHelperClass.OracleTransactionHelper.TransactionGetDataList``1(System.String,System.String@,System.Object[])">
            <summary>
            查询并获取表数据返回 List T
            </summary>
            <typeparam name="T">类名称</typeparam>
            <param name="SqlExp">语句表达式或存储过程名称</param>
            <param name="ErrMsg">返回错误信息</param>
            <param name="Parameters">参数集</param>
            <returns></returns>
        </member>
        <member name="M:SqlHelperClass.OracleTransactionHelper.TransactionGetDataInfo``1(System.String,System.String@,System.Object[])">
            <summary>
            查询并获取表数据返回 T
            </summary>
            <typeparam name="T">类名称</typeparam>
            <param name="SqlExp">语句表达式或存储过程名称</param>
            <param name="ErrMsg">返回错误信息</param>
            <param name="Parameters">参数集</param>
            <returns></returns>
        </member>
        <member name="P:SqlHelperClass.OracleTransactionHelper.CommandTimeOut">
            <summary>
            数据执行超时时间设定
            </summary>
        </member>
        <member name="P:SqlHelperClass.OracleTransactionHelper.ConnectionString">
            <summary>
            数据库连接串设定
            </summary>
        </member>
        <member name="P:SqlHelperClass.OracleTransactionHelper.AutoRollback">
            <summary>
            出错后是否自动回滚，默认为True
            </summary>
        </member>
        <member name="T:SqlHelperClass.SQLiteHelper">
            <summary>
            SQLite数据操作类
            </summary>
        </member>
        <member name="M:SqlHelperClass.SQLiteHelper.ExecuteCommand(System.String,System.String@,System.Object[])">
            <summary>
            执行数据操作
            </summary>
            <param name="SqlExp">SQL语句表达式</param>
            <param name="ErrMsg">返回错误信息</param>
            <param name="Parameters">参数集</param>
            <returns></returns>
        </member>
        <member name="M:SqlHelperClass.SQLiteHelper.ExecuteCommand(System.String,System.Data.CommandType,System.String@,System.Object[])">
            <summary>
            执行数据操作
            </summary>
            <param name="SqlExp">语句表达式或存储过程名称</param>
            <param name="CommandType">执行类型</param>
            <param name="ErrMsg">返回错误信息</param>
            <param name="Parameters">参数集</param>
            <returns></returns>
        </member>
        <member name="M:SqlHelperClass.SQLiteHelper.ExecuteCommand(System.String,System.String,System.Data.CommandType,System.String@,System.Object[])">
            <summary>
            执行数据操作
            </summary>
            <param name="ConnectString">数据库连接串</param>
            <param name="SqlExp">语句表达式或存储过程名称</param>
            <param name="CommandType">执行类型</param>
            <param name="ErrMsg">返回错误信息</param>
            <param name="Parameters">参数集</param>
            <returns></returns>
        </member>
        <member name="M:SqlHelperClass.SQLiteHelper.ExecuteInsert(System.String,System.String@,System.Object[])">
            <summary>
            执行数据插入并返回主键值
            </summary>
            <param name="SqlExp">SQL语句表达式</param>
            <param name="ErrMsg">返回错误信息</param>
            <param name="Parameters">参数集</param>
            <returns></returns>
        </member>
        <member name="M:SqlHelperClass.SQLiteHelper.ExecuteInsert(System.String,System.Data.CommandType,System.String@,System.Object[])">
            <summary>
            执行数据插入并返回主键值
            </summary>
            <param name="SqlExp">语句表达式或存储过程名称</param>
            <param name="CommandType">执行类型</param>
            <param name="ErrMsg">返回错误信息</param>
            <param name="Parameters">参数集</param>
            <returns></returns>
        </member>
        <member name="M:SqlHelperClass.SQLiteHelper.ExecuteInsert(System.String,System.String,System.Data.CommandType,System.String@,System.Object[])">
            <summary>
            执行数据插入并返回主键值
            </summary>
            <param name="ConnectString">数据库连接串</param>
            <param name="SqlExp">语句表达式或存储过程名称</param>
            <param name="CommandType">执行类型</param>
            <param name="ErrMsg">返回错误信息</param>
            <param name="Parameters">参数集</param>
            <returns></returns>
        </member>
        <member name="M:SqlHelperClass.SQLiteHelper.GetDataValue(System.String,System.String@,System.Object[])">
            <summary>
            查询并获取单个值
            </summary>
            <param name="SqlExp">SQL语句表达式</param>
            <param name="ErrMsg">返回错误信息</param>
            <param name="Parameters">参数集</param>
            <returns></returns>
        </member>
        <member name="M:SqlHelperClass.SQLiteHelper.GetDataValue(System.String,System.Data.CommandType,System.String@,System.Object[])">
            <summary>
            查询并获取单个值
            </summary>
            <param name="SqlExp">语句表达式或存储过程名称</param>
            <param name="CommandType">执行类型</param>
            <param name="ErrMsg">返回错误信息</param>
            <param name="Parameters">参数集</param>
            <returns></returns>
        </member>
        <member name="M:SqlHelperClass.SQLiteHelper.GetDataValue(System.String,System.String,System.Data.CommandType,System.String@,System.Object[])">
            <summary>
            查询并获取单个值
            </summary>
            <param name="ConnectString">数据库连接串</param>
            <param name="SqlExp">语句表达式或存储过程名称</param>
            <param name="CommandType">执行类型</param>
            <param name="ErrMsg">返回错误信息</param>
            <param name="Parameters">参数集</param>
            <returns></returns>
        </member>
        <member name="M:SqlHelperClass.SQLiteHelper.GetRecCount(System.String,System.String@,System.Object[])">
            <summary>
            查询并获取单个值
            </summary>
            <param name="SqlExp">SQL语句表达式</param>
            <param name="ErrMsg">返回错误信息</param>
            <param name="Parameters">参数集</param>
            <returns></returns>
        </member>
        <member name="M:SqlHelperClass.SQLiteHelper.GetRecCount(System.String,System.Data.CommandType,System.String@,System.Object[])">
            <summary>
            查询并获取单个值
            </summary>
            <param name="SqlExp">语句表达式或存储过程名称</param>
            <param name="CommandType">执行类型</param>
            <param name="ErrMsg">返回错误信息</param>
            <param name="Parameters">参数集</param>
            <returns></returns>
        </member>
        <member name="M:SqlHelperClass.SQLiteHelper.GetRecCount(System.String,System.String,System.Data.CommandType,System.String@,System.Object[])">
            <summary>
            查询并获取记录总数
            </summary>
            <param name="ConnectString">数据库连接串</param>
            <param name="SqlExp">语句表达式或存储过程名称</param>
            <param name="CommandType">执行类型</param>
            <param name="ErrMsg">返回错误信息</param>
            <param name="Parameters">参数集</param>
            <returns></returns>
        </member>
        <member name="M:SqlHelperClass.SQLiteHelper.GetDataSet(System.String,System.String@,System.Object[])">
            <summary>
            查询并获取表数据组
            </summary>
            <param name="SqlExp">SQL语句表达式</param>
            <param name="ErrMsg">返回错误信息</param>
            <param name="Parameters">参数集</param>
            <returns></returns>
        </member>
        <member name="M:SqlHelperClass.SQLiteHelper.GetDataSet(System.String,System.Data.CommandType,System.String@,System.Object[])">
            <summary>
            查询并获取表数据组
            </summary>
            <param name="SqlExp">语句表达式或存储过程名称</param>
            <param name="CommandType">执行类型</param>
            <param name="ErrMsg">返回错误信息</param>
            <param name="Parameters">参数集</param>
            <returns></returns>
        </member>
        <member name="M:SqlHelperClass.SQLiteHelper.GetDataSet(System.String,System.String,System.Data.CommandType,System.String@,System.Object[])">
            <summary>
            查询并获取表数据组
            </summary>
            <param name="ConnectString">数据库连接串</param>
            <param name="SqlExp">语句表达式或存储过程名称</param>
            <param name="CommandType">执行类型</param>
            <param name="ErrMsg">返回错误信息</param>
            <param name="Parameters">参数集</param>
            <returns></returns>
        </member>
        <member name="M:SqlHelperClass.SQLiteHelper.GetDataTable(System.String,System.String@,System.Object[])">
            <summary>
            查询并获取表数据
            </summary>
            <param name="SqlExp">SQL语句表达式</param>
            <param name="ErrMsg">返回错误信息</param>
            <param name="Parameters">参数集</param>
            <returns></returns>
        </member>
        <member name="M:SqlHelperClass.SQLiteHelper.GetDataTable(System.String,System.Data.CommandType,System.String@,System.Object[])">
            <summary>
            查询并获取表数据
            </summary>
            <param name="SqlExp">语句表达式或存储过程名称</param>
            <param name="CommandType">执行类型</param>
            <param name="ErrMsg">返回错误信息</param>
            <param name="Parameters">参数集</param>
            <returns></returns>
        </member>
        <member name="M:SqlHelperClass.SQLiteHelper.GetDataTable(System.String,System.String,System.Data.CommandType,System.String@,System.Object[])">
            <summary>
            查询并获取表数据
            </summary>
            <param name="ConnectString">数据库连接串</param>
            <param name="SqlExp">语句表达式或存储过程名称</param>
            <param name="CommandType">执行类型</param>
            <param name="ErrMsg">返回错误信息</param>
            <param name="Parameters">参数集</param>
            <returns></returns>
        </member>
        <member name="M:SqlHelperClass.SQLiteHelper.GetDataList``1(System.String,System.String@,System.Object[])">
            <summary>
            查询并获取表数据返回 List T
            </summary>
            <typeparam name="T">类名称</typeparam>
            <param name="SqlExp">SQL语句表达式</param>
            <param name="ErrMsg">返回错误信息</param>
            <param name="Parameters">参数集</param>
            <returns></returns>
        </member>
        <member name="M:SqlHelperClass.SQLiteHelper.GetDataList``1(System.String,System.Data.CommandType,System.String@,System.Object[])">
            <summary>
            查询并获取表数据返回 List T
            </summary>
            <typeparam name="T">类名称</typeparam>
            <param name="SqlExp">语句表达式或存储过程名称</param>
            <param name="CommandType">执行类型</param>
            <param name="ErrMsg">返回错误信息</param>
            <param name="Parameters">参数集</param>
            <returns></returns>
        </member>
        <member name="M:SqlHelperClass.SQLiteHelper.GetDataList``1(System.String,System.String,System.Data.CommandType,System.String@,System.Object[])">
            <summary>
            查询并获取表数据返回 List T
            </summary>
            <typeparam name="T">类名称</typeparam>
            <param name="ConnectString">数据库连接串</param>
            <param name="SqlExp">语句表达式或存储过程名称</param>
            <param name="CommandType">执行类型</param>
            <param name="ErrMsg">返回错误信息</param>
            <param name="Parameters">参数集</param>
            <returns></returns>
        </member>
        <member name="M:SqlHelperClass.SQLiteHelper.GetDataInfo``1(System.String,System.String@,System.Object[])">
            <summary>
            查询并获取表数据返回 T
            </summary>
            <typeparam name="T">类名称</typeparam>
            <param name="SqlExp">SQL语句表达式</param>
            <param name="ErrMsg">返回错误信息</param>
            <param name="Parameters">参数集</param>
            <returns></returns>
        </member>
        <member name="M:SqlHelperClass.SQLiteHelper.GetDataInfo``1(System.String,System.Data.CommandType,System.String@,System.Object[])">
            <summary>
            查询并获取表数据返回 T
            </summary>
            <typeparam name="T">类名称</typeparam>
            <param name="SqlExp">语句表达式或存储过程名称</param>
            <param name="CommandType">执行类型</param>
            <param name="ErrMsg">返回错误信息</param>
            <param name="Parameters">参数集</param>
            <returns></returns>
        </member>
        <member name="M:SqlHelperClass.SQLiteHelper.GetDataInfo``1(System.String,System.String,System.Data.CommandType,System.String@,System.Object[])">
            <summary>
            查询并获取表数据返回 T
            </summary>
            <typeparam name="T">类名称</typeparam>
            <param name="ConnectString">数据库连接串</param>
            <param name="SqlExp">语句表达式或存储过程名称</param>
            <param name="CommandType">执行类型</param>
            <param name="ErrMsg">返回错误信息</param>
            <param name="Parameters">参数集</param>
            <returns></returns>
        </member>
        <member name="P:SqlHelperClass.SQLiteHelper.CommandTimeOut">
            <summary>
            数据执行超时时间设定
            </summary>
        </member>
        <member name="P:SqlHelperClass.SQLiteHelper.ConnectionString">
            <summary>
            数据库连接串设定
            </summary>
        </member>
        <member name="T:SqlHelperClass.SQLiteTransactionHelper">
            <summary>
            Mysql数据事务操作类
            </summary>
        </member>
        <member name="M:SqlHelperClass.SQLiteTransactionHelper.#ctor">
            <summary>
            Mysql数据事务操作类构建
            </summary>
        </member>
        <member name="M:SqlHelperClass.SQLiteTransactionHelper.#ctor(System.String)">
            <summary>
            数据事务操作类构建
            </summary>
            <param name="ConnectString">数据连接串</param>
        </member>
        <member name="M:SqlHelperClass.SQLiteTransactionHelper.TransactionBegin(System.String@)">
            <summary>
            启动事务处理
            </summary>
            <param name="ErrMsg">错误信息</param>
            <returns></returns>
        </member>
        <member name="M:SqlHelperClass.SQLiteTransactionHelper.TransactionCommit(System.String@)">
            <summary>
            提交并结束事务处理
            </summary>
            <param name="ErrMsg">错误信息</param>
            <returns></returns>
        </member>
        <member name="M:SqlHelperClass.SQLiteTransactionHelper.TransactionRollback(System.String@)">
            <summary>
            回滚并结束事务
            </summary>
            <param name="ErrMsg"></param>
            <returns></returns>
        </member>
        <member name="M:SqlHelperClass.SQLiteTransactionHelper.TransactionExecuteCommand(System.String,System.String@,System.Object[])">
            <summary>
             事务执行语句
            </summary>
            <param name="SqlExp"></param>
            <param name="ErrMsg"></param>
            <param name="Parameters"></param>
            <returns></returns>
        </member>
        <member name="M:SqlHelperClass.SQLiteTransactionHelper.TransactionExecuteInsert(System.String,System.String@,System.Object[])">
            <summary>
             事务执行语句并返回主键值
            </summary>
            <param name="SqlExp"></param>
            <param name="ErrMsg"></param>
            <param name="Parameters"></param>
            <returns></returns>
        </member>
        <member name="M:SqlHelperClass.SQLiteTransactionHelper.TransactionGetDataValue(System.String,System.String@,System.Object[])">
            <summary>
             事务获取值
            </summary>
            <param name="SqlExp"></param>
            <param name="ErrMsg"></param>
            <param name="Parameters"></param>
            <returns></returns>
        </member>
        <member name="M:SqlHelperClass.SQLiteTransactionHelper.TransactionGetRecCount(System.String,System.String@,System.Object[])">
            <summary>
            事务获取记录总数
            </summary>
            <param name="SqlExp">语句表达式或存储过程名称</param>
            <param name="ErrMsg">返回错误信息</param>
            <param name="Parameters">参数集</param>
            <returns></returns>
        </member>
        <member name="M:SqlHelperClass.SQLiteTransactionHelper.TransactionGetDataSet(System.String,System.String@,System.Object[])">
            <summary>
            事务获取表数据组
            </summary>
            <param name="SqlExp">语句表达式或存储过程名称</param>
            <param name="ErrMsg">返回错误信息</param>
            <param name="Parameters">参数集</param>
            <returns></returns>
        </member>
        <member name="M:SqlHelperClass.SQLiteTransactionHelper.TransactionGetDataTable(System.String,System.String@,System.Object[])">
            <summary>
            事务查询并获取表数据
            </summary>
            <param name="SqlExp">语句表达式或存储过程名称</param>
            <param name="ErrMsg">返回错误信息</param>
            <param name="Parameters">参数集</param>
            <returns></returns>
        </member>
        <member name="M:SqlHelperClass.SQLiteTransactionHelper.TransactionGetDataList``1(System.String,System.String@,System.Object[])">
            <summary>
            查询并获取表数据返回 List T
            </summary>
            <typeparam name="T">类名称</typeparam>
            <param name="SqlExp">语句表达式或存储过程名称</param>
            <param name="ErrMsg">返回错误信息</param>
            <param name="Parameters">参数集</param>
            <returns></returns>
        </member>
        <member name="M:SqlHelperClass.SQLiteTransactionHelper.TransactionGetDataInfo``1(System.String,System.String@,System.Object[])">
            <summary>
            查询并获取表数据返回 T
            </summary>
            <typeparam name="T">类名称</typeparam>
            <param name="SqlExp">语句表达式或存储过程名称</param>
            <param name="ErrMsg">返回错误信息</param>
            <param name="Parameters">参数集</param>
            <returns></returns>
        </member>
        <member name="P:SqlHelperClass.SQLiteTransactionHelper.CommandTimeOut">
            <summary>
            数据执行超时时间设定
            </summary>
        </member>
        <member name="P:SqlHelperClass.SQLiteTransactionHelper.ConnectionString">
            <summary>
            数据库连接串设定
            </summary>
        </member>
        <member name="P:SqlHelperClass.SQLiteTransactionHelper.AutoRollback">
            <summary>
            出错后是否自动回滚，默认为True
            </summary>
        </member>
        <member name="T:SqlHelperClass.SqlServerHelper">
            <summary>
            SqlServer数据操作类
            </summary>
        </member>
        <member name="M:SqlHelperClass.SqlServerHelper.ExecuteCommand(System.String,System.String@,System.Object[])">
            <summary>
            执行数据操作
            </summary>
            <param name="SqlExp">SQL语句表达式</param>
            <param name="ErrMsg">返回错误信息</param>
            <param name="Parameters">参数集</param>
            <returns></returns>
        </member>
        <member name="M:SqlHelperClass.SqlServerHelper.ExecuteCommand(System.String,System.Data.CommandType,System.String@,System.Object[])">
            <summary>
            执行数据操作
            </summary>
            <param name="SqlExp">语句表达式或存储过程名称</param>
            <param name="CommandType">执行类型</param>
            <param name="ErrMsg">返回错误信息</param>
            <param name="Parameters">参数集</param>
            <returns></returns>
        </member>
        <member name="M:SqlHelperClass.SqlServerHelper.ExecuteCommand(System.String,System.String,System.Data.CommandType,System.String@,System.Object[])">
            <summary>
            执行数据操作
            </summary>
            <param name="ConnectString">数据库连接串</param>
            <param name="SqlExp">语句表达式或存储过程名称</param>
            <param name="CommandType">执行类型</param>
            <param name="ErrMsg">返回错误信息</param>
            <param name="Parameters">参数集</param>
            <returns></returns>
        </member>
        <member name="M:SqlHelperClass.SqlServerHelper.ExecuteInsert(System.String,System.String@,System.Object[])">
            <summary>
            执行数据插入并返回主键值
            </summary>
            <param name="SqlExp">SQL语句表达式</param>
            <param name="ErrMsg">返回错误信息</param>
            <param name="Parameters">参数集</param>
            <returns></returns>
        </member>
        <member name="M:SqlHelperClass.SqlServerHelper.ExecuteInsert(System.String,System.Data.CommandType,System.String@,System.Object[])">
            <summary>
            执行数据插入并返回主键值
            </summary>
            <param name="SqlExp">语句表达式或存储过程名称</param>
            <param name="CommandType">执行类型</param>
            <param name="ErrMsg">返回错误信息</param>
            <param name="Parameters">参数集</param>
            <returns></returns>
        </member>
        <member name="M:SqlHelperClass.SqlServerHelper.ExecuteInsert(System.String,System.String,System.Data.CommandType,System.String@,System.Object[])">
            <summary>
            执行数据插入并返回主键值
            </summary>
            <param name="ConnectString">数据库连接串</param>
            <param name="SqlExp">语句表达式或存储过程名称</param>
            <param name="CommandType">执行类型</param>
            <param name="ErrMsg">返回错误信息</param>
            <param name="Parameters">参数集</param>
            <returns></returns>
        </member>
        <member name="M:SqlHelperClass.SqlServerHelper.GetDataValue(System.String,System.String@,System.Object[])">
            <summary>
            查询并获取单个值
            </summary>
            <param name="SqlExp">SQL语句表达式</param>
            <param name="ErrMsg">返回错误信息</param>
            <param name="Parameters">参数集</param>
            <returns></returns>
        </member>
        <member name="M:SqlHelperClass.SqlServerHelper.GetDataValue(System.String,System.Data.CommandType,System.String@,System.Object[])">
            <summary>
            查询并获取单个值
            </summary>
            <param name="SqlExp">语句表达式或存储过程名称</param>
            <param name="CommandType">执行类型</param>
            <param name="ErrMsg">返回错误信息</param>
            <param name="Parameters">参数集</param>
            <returns></returns>
        </member>
        <member name="M:SqlHelperClass.SqlServerHelper.GetDataValue(System.String,System.String,System.Data.CommandType,System.String@,System.Object[])">
            <summary>
            查询并获取单个值
            </summary>
            <param name="ConnectString">数据库连接串</param>
            <param name="SqlExp">语句表达式或存储过程名称</param>
            <param name="CommandType">执行类型</param>
            <param name="ErrMsg">返回错误信息</param>
            <param name="Parameters">参数集</param>
            <returns></returns>
        </member>
        <member name="M:SqlHelperClass.SqlServerHelper.GetRecCount(System.String,System.String@,System.Object[])">
            <summary>
            查询并获取单个值
            </summary>
            <param name="SqlExp">SQL语句表达式</param>
            <param name="ErrMsg">返回错误信息</param>
            <param name="Parameters">参数集</param>
            <returns></returns>
        </member>
        <member name="M:SqlHelperClass.SqlServerHelper.GetRecCount(System.String,System.Data.CommandType,System.String@,System.Object[])">
            <summary>
            查询并获取单个值
            </summary>
            <param name="SqlExp">语句表达式或存储过程名称</param>
            <param name="CommandType">执行类型</param>
            <param name="ErrMsg">返回错误信息</param>
            <param name="Parameters">参数集</param>
            <returns></returns>
        </member>
        <member name="M:SqlHelperClass.SqlServerHelper.GetRecCount(System.String,System.String,System.Data.CommandType,System.String@,System.Object[])">
            <summary>
            查询并获取记录总数
            </summary>
            <param name="ConnectString">数据库连接串</param>
            <param name="SqlExp">语句表达式或存储过程名称</param>
            <param name="CommandType">执行类型</param>
            <param name="ErrMsg">返回错误信息</param>
            <param name="Parameters">参数集</param>
            <returns></returns>
        </member>
        <member name="M:SqlHelperClass.SqlServerHelper.GetDataSet(System.String,System.String@,System.Object[])">
            <summary>
            查询并获取表数据组
            </summary>
            <param name="SqlExp">SQL语句表达式</param>
            <param name="ErrMsg">返回错误信息</param>
            <param name="Parameters">参数集</param>
            <returns></returns>
        </member>
        <member name="M:SqlHelperClass.SqlServerHelper.GetDataSet(System.String,System.Data.CommandType,System.String@,System.Object[])">
            <summary>
            查询并获取表数据组
            </summary>
            <param name="SqlExp">语句表达式或存储过程名称</param>
            <param name="CommandType">执行类型</param>
            <param name="ErrMsg">返回错误信息</param>
            <param name="Parameters">参数集</param>
            <returns></returns>
        </member>
        <member name="M:SqlHelperClass.SqlServerHelper.GetDataSet(System.String,System.String,System.Data.CommandType,System.String@,System.Object[])">
            <summary>
            查询并获取表数据组
            </summary>
            <param name="ConnectString">数据库连接串</param>
            <param name="SqlExp">语句表达式或存储过程名称</param>
            <param name="CommandType">执行类型</param>
            <param name="ErrMsg">返回错误信息</param>
            <param name="Parameters">参数集</param>
            <returns></returns>
        </member>
        <member name="M:SqlHelperClass.SqlServerHelper.GetDataTable(System.String,System.String@,System.Object[])">
            <summary>
            查询并获取表数据
            </summary>
            <param name="SqlExp">SQL语句表达式</param>
            <param name="ErrMsg">返回错误信息</param>
            <param name="Parameters">参数集</param>
            <returns></returns>
        </member>
        <member name="M:SqlHelperClass.SqlServerHelper.GetDataTable(System.String,System.Data.CommandType,System.String@,System.Object[])">
            <summary>
            查询并获取表数据
            </summary>
            <param name="SqlExp">语句表达式或存储过程名称</param>
            <param name="CommandType">执行类型</param>
            <param name="ErrMsg">返回错误信息</param>
            <param name="Parameters">参数集</param>
            <returns></returns>
        </member>
        <member name="M:SqlHelperClass.SqlServerHelper.GetDataTable(System.String,System.String,System.Data.CommandType,System.String@,System.Object[])">
            <summary>
            查询并获取表数据
            </summary>
            <param name="ConnectString">数据库连接串</param>
            <param name="SqlExp">语句表达式或存储过程名称</param>
            <param name="CommandType">执行类型</param>
            <param name="ErrMsg">返回错误信息</param>
            <param name="Parameters">参数集</param>
            <returns></returns>
        </member>
        <member name="M:SqlHelperClass.SqlServerHelper.GetDataList``1(System.String,System.String@,System.Object[])">
            <summary>
            查询并获取表数据返回 List T
            </summary>
            <typeparam name="T">类名称</typeparam>
            <param name="SqlExp">SQL语句表达式</param>
            <param name="ErrMsg">返回错误信息</param>
            <param name="Parameters">参数集</param>
            <returns></returns>
        </member>
        <member name="M:SqlHelperClass.SqlServerHelper.GetDataList``1(System.String,System.Data.CommandType,System.String@,System.Object[])">
            <summary>
            查询并获取表数据返回 List T
            </summary>
            <typeparam name="T">类名称</typeparam>
            <param name="SqlExp">语句表达式或存储过程名称</param>
            <param name="CommandType">执行类型</param>
            <param name="ErrMsg">返回错误信息</param>
            <param name="Parameters">参数集</param>
            <returns></returns>
        </member>
        <member name="M:SqlHelperClass.SqlServerHelper.GetDataList``1(System.String,System.String,System.Data.CommandType,System.String@,System.Object[])">
            <summary>
            查询并获取表数据返回 List T
            </summary>
            <typeparam name="T">类名称</typeparam>
            <param name="ConnectString">数据库连接串</param>
            <param name="SqlExp">语句表达式或存储过程名称</param>
            <param name="CommandType">执行类型</param>
            <param name="ErrMsg">返回错误信息</param>
            <param name="Parameters">参数集</param>
            <returns></returns>
        </member>
        <member name="M:SqlHelperClass.SqlServerHelper.GetDataInfo``1(System.String,System.String@,System.Object[])">
            <summary>
            查询并获取表数据返回 T
            </summary>
            <typeparam name="T">类名称</typeparam>
            <param name="SqlExp">SQL语句表达式</param>
            <param name="ErrMsg">返回错误信息</param>
            <param name="Parameters">参数集</param>
            <returns></returns>
        </member>
        <member name="M:SqlHelperClass.SqlServerHelper.GetDataInfo``1(System.String,System.Data.CommandType,System.String@,System.Object[])">
            <summary>
            查询并获取表数据返回 T
            </summary>
            <typeparam name="T">类名称</typeparam>
            <param name="SqlExp">语句表达式或存储过程名称</param>
            <param name="CommandType">执行类型</param>
            <param name="ErrMsg">返回错误信息</param>
            <param name="Parameters">参数集</param>
            <returns></returns>
        </member>
        <member name="M:SqlHelperClass.SqlServerHelper.GetDataInfo``1(System.String,System.String,System.Data.CommandType,System.String@,System.Object[])">
            <summary>
            查询并获取表数据返回 T
            </summary>
            <typeparam name="T">类名称</typeparam>
            <param name="ConnectString">数据库连接串</param>
            <param name="SqlExp">语句表达式或存储过程名称</param>
            <param name="CommandType">执行类型</param>
            <param name="ErrMsg">返回错误信息</param>
            <param name="Parameters">参数集</param>
            <returns></returns>
        </member>
        <member name="P:SqlHelperClass.SqlServerHelper.CommandTimeOut">
            <summary>
            数据执行超时时间设定
            </summary>
        </member>
        <member name="P:SqlHelperClass.SqlServerHelper.ConnectionString">
            <summary>
            数据库连接串设定
            </summary>
        </member>
        <member name="T:SqlHelperClass.SqlServerTransactionHelper">
            <summary>
            SqlServer数据事务操作类
            </summary>
        </member>
        <member name="M:SqlHelperClass.SqlServerTransactionHelper.#ctor">
            <summary>
            Mysql数据事务操作类构建
            </summary>
        </member>
        <member name="M:SqlHelperClass.SqlServerTransactionHelper.#ctor(System.String)">
            <summary>
            数据事务操作类构建
            </summary>
            <param name="ConnectString">数据连接串</param>
        </member>
        <member name="M:SqlHelperClass.SqlServerTransactionHelper.TransactionBegin(System.String@)">
            <summary>
            启动事务处理
            </summary>
            <param name="ErrMsg">错误信息</param>
            <returns></returns>
        </member>
        <member name="M:SqlHelperClass.SqlServerTransactionHelper.TransactionCommit(System.String@)">
            <summary>
            提交并结束事务处理
            </summary>
            <param name="ErrMsg">错误信息</param>
            <returns></returns>
        </member>
        <member name="M:SqlHelperClass.SqlServerTransactionHelper.TransactionRollback(System.String@)">
            <summary>
            回滚并结束事务
            </summary>
            <param name="ErrMsg"></param>
            <returns></returns>
        </member>
        <member name="M:SqlHelperClass.SqlServerTransactionHelper.TransactionExecuteCommand(System.String,System.String@,System.Object[])">
            <summary>
             事务执行语句
            </summary>
            <param name="SqlExp"></param>
            <param name="ErrMsg"></param>
            <param name="Parameters"></param>
            <returns></returns>
        </member>
        <member name="M:SqlHelperClass.SqlServerTransactionHelper.TransactionExecuteInsert(System.String,System.String@,System.Object[])">
            <summary>
             事务执行语句并返回主键值
            </summary>
            <param name="SqlExp"></param>
            <param name="ErrMsg"></param>
            <param name="Parameters"></param>
            <returns></returns>
        </member>
        <member name="M:SqlHelperClass.SqlServerTransactionHelper.TransactionGetDataValue(System.String,System.String@,System.Object[])">
            <summary>
             事务获取值
            </summary>
            <param name="SqlExp"></param>
            <param name="ErrMsg"></param>
            <param name="Parameters"></param>
            <returns></returns>
        </member>
        <member name="M:SqlHelperClass.SqlServerTransactionHelper.TransactionGetRecCount(System.String,System.String@,System.Object[])">
            <summary>
            事务获取记录总数
            </summary>
            <param name="SqlExp">语句表达式或存储过程名称</param>
            <param name="ErrMsg">返回错误信息</param>
            <param name="Parameters">参数集</param>
            <returns></returns>
        </member>
        <member name="M:SqlHelperClass.SqlServerTransactionHelper.TransactionGetDataSet(System.String,System.String@,System.Object[])">
            <summary>
            事务获取表数据组
            </summary>
            <param name="SqlExp">语句表达式或存储过程名称</param>
            <param name="ErrMsg">返回错误信息</param>
            <param name="Parameters">参数集</param>
            <returns></returns>
        </member>
        <member name="M:SqlHelperClass.SqlServerTransactionHelper.TransactionGetDataTable(System.String,System.String@,System.Object[])">
            <summary>
            事务查询并获取表数据
            </summary>
            <param name="SqlExp">语句表达式或存储过程名称</param>
            <param name="ErrMsg">返回错误信息</param>
            <param name="Parameters">参数集</param>
            <returns></returns>
        </member>
        <member name="M:SqlHelperClass.SqlServerTransactionHelper.TransactionGetDataList``1(System.String,System.String@,System.Object[])">
            <summary>
            查询并获取表数据返回 List T
            </summary>
            <typeparam name="T">类名称</typeparam>
            <param name="SqlExp">语句表达式或存储过程名称</param>
            <param name="ErrMsg">返回错误信息</param>
            <param name="Parameters">参数集</param>
            <returns></returns>
        </member>
        <member name="M:SqlHelperClass.SqlServerTransactionHelper.TransactionGetDataInfo``1(System.String,System.String@,System.Object[])">
            <summary>
            查询并获取表数据返回 T
            </summary>
            <typeparam name="T">类名称</typeparam>
            <param name="SqlExp">语句表达式或存储过程名称</param>
            <param name="ErrMsg">返回错误信息</param>
            <param name="Parameters">参数集</param>
            <returns></returns>
        </member>
        <member name="P:SqlHelperClass.SqlServerTransactionHelper.CommandTimeOut">
            <summary>
            数据执行超时时间设定
            </summary>
        </member>
        <member name="P:SqlHelperClass.SqlServerTransactionHelper.ConnectionString">
            <summary>
            数据库连接串设定
            </summary>
        </member>
        <member name="P:SqlHelperClass.SqlServerTransactionHelper.AutoRollback">
            <summary>
            出错后是否自动回滚，默认为True
            </summary>
        </member>
        <member name="T:SqlHelperClass.DataDbType">
            <summary>
            数据库类型
            [Oracle; SqlServer; Mysql; SQLite]
            </summary>
        </member>
        <member name="F:SqlHelperClass.DataDbType.Oracle">
            <summary>
            Oracle
            </summary>
        </member>
        <member name="F:SqlHelperClass.DataDbType.SqlServer">
            <summary>
            SqlServer
            </summary>
        </member>
        <member name="F:SqlHelperClass.DataDbType.Mysql">
            <summary>
            Mysql
            </summary>
        </member>
        <member name="F:SqlHelperClass.DataDbType.SQLite">
            <summary>
            SQLite
            </summary>
        </member>
    </members>
</doc>
